id;notes;timestamp;legal_consent_blob;legal_consent_blob_content_type
1;Engineer Bulgaria leading-edge;2022-03-19T06:03:28;../fake-data/blob/hipster.png;image/png
2;black 1080p;2022-03-19T01:57:08;../fake-data/blob/hipster.png;image/png
3;Universal Grocery;2022-03-18T19:15:26;../fake-data/blob/hipster.png;image/png
4;Pants;2022-03-19T08:18:24;../fake-data/blob/hipster.png;image/png
5;programming program Moldova;2022-03-19T14:14:23;../fake-data/blob/hipster.png;image/png
6;Tools solutions;2022-03-18T22:24:37;../fake-data/blob/hipster.png;image/png
7;deposit Puerto;2022-03-18T20:59:05;../fake-data/blob/hipster.png;image/png
8;Account groupware;2022-03-19T03:18:53;../fake-data/blob/hipster.png;image/png
9;Pants;2022-03-19T06:31:00;../fake-data/blob/hipster.png;image/png
10;indigo non-volatile Guatemala;2022-03-18T18:14:11;../fake-data/blob/hipster.png;image/png
